{"iterations": 2881, "depth": 11, "subsample": 0.17669925225589722, "learning_rate": 0.009359604868770076, "rsm": 0.06541268586368433, "l2_leaf_reg": 0.03447436260856176, "bagging_temperature": 20.84266401643101, "min_data_in_leaf": 11633.067640793475, "leaf_estimation_iterations": 4, "grow_policy": "Lossguide", "border_count": 97}