{"n_components": 60, "learning_rate": 0.03668850863073929, "loss": "warp-kos", "sgd_mode": "adagrad", "item_alpha": 1.537117035436426e-05, "user_alpha": 6.964910846027221e-06}