{"n_estimators": 199, "learning_rate": 0.354087361765763, "reg_alpha": 5.568825008974904e-05, "reg_lambda": 1.0732841444904015e-05, "max_depth": 15, "max_leaves": 135, "grow_policy": "depthwise", "booster": "gblinear", "gamma": 0.9659465802070879, "min_child_weight": 0.002259331874550791, "subsample": 0.5653720342677349, "colsample_bytree": 0.5849188987846436}