{"objective": "rank:pairwise", "n_estimators": 3829, "learning_rate": 0.014523729840102476, "reg_alpha": 0.011634710626959035, "reg_lambda": 0.020916297155708825, "max_depth": 3, "max_leaves": 697, "grow_policy": "lossguide", "gamma": 1.8084643796700037e-07, "min_child_weight": 0.01015016215740433, "subsample": 0.37179694619271053, "colsample_bytree": 0.5207128364475516}