{"reg": 0.018174092620982144, "alpha": 3.013049729394286, "num_factors": 268, "confidence_scaling": "log", "epsilon": 0.12048447440406233}