{"n_estimators": 4996, "learning_rate": 0.00311977379461698, "reg_alpha": 0.00021180239352800164, "reg_lambda": 0.021576954904361626, "max_depth": 4, "max_leaves": 480, "grow_policy": "depthwise", "gamma": 0.8043432039640799, "min_child_weight": 0.794107802547653, "subsample": 0.319780278169773, "colsample_bytree": 0.6539229329156865}