{"l1_ratio": 0.036267142766006066, "alpha": 0.001247270246879362, "topK": 388, "positive_only": true}