{"topK": 6883, "epochs": 378, "learning_rate": 0.13078596888717692, "lambda_i": 11.203521100897582, "lambda_j": 60.97545654963351}