{"n_estimators": 5361, "learning_rate": 0.0037492636239968677, "reg_alpha": 0.5511403343090119, "reg_lambda": 3.3145388058001635e-05, "max_depth": 4, "max_leaves": 879, "grow_policy": "lossguide", "gamma": 4.330484678601777, "min_child_weight": 0.0008940745563822698, "subsample": 0.5431309622686084, "colsample_bytree": 0.29815032834092914}