{"slim_elastic": 0.4511916960723862, "item_knn": 0.02290147865392891, "rp3": 0.23130847297811863, "p3alpha": 0.06903469198126361, "ials": 0.0018920365996685632, "ease_r": 0.00022054167209319185, "user_knn": 0.0046158117111428625, "svd_item": 5.026180102175632e-06, "scaled_svd": 0.0003742319316056656, "nmf": 0.00012776503908445492, "slim_bpr": 0.006937013129726707, "normalize": "lminusinf"}