{"loss_function": "YetiRank", "iterations": 3312, "depth": 5, "subsample": 0.1625638127291905, "learning_rate": 0.0069387538995483704, "rsm": 0.06564867663480731, "l2_leaf_reg": 0.014149186257011599, "bagging_temperature": 0.1965072375513044, "min_data_in_leaf": 13250.799052575732, "leaf_estimation_iterations": 7, "border_count": 17}