{"objective": "rank:pairwise", "n_estimators": 135, "learning_rate": 0.004403199572738756, "reg_alpha": 0.001821117538673037, "reg_lambda": 0.057235951049757226, "max_depth": 4, "max_leaves": 88, "grow_policy": "lossguide", "max_bin": 194, "gamma": 2.6250351300190263e-05, "min_child_weight": 6.961783410881645e-07, "subsample": 0.38969599879434524, "colsample_bytree": 0.19207741787871696}