{"objective": "rank:ndcg", "n_estimators": 1436, "learning_rate": 0.0031650277797730065, "reg_alpha": 0.06070550737221957, "reg_lambda": 0.0026819956047228633, "max_depth": 6, "max_leaves": 605, "grow_policy": "lossguide", "max_bin": 394, "gamma": 0.6329731220116469, "min_child_weight": 0.028861264715697443, "subsample": 0.3976336347340006, "colsample_bytree": 0.7535751219216683}