{"num_factors": 179, "scaling_items": 5.3298425368534826e-05, "scaling_users": 0.2791990262721904}