{"n_components": 52, "learning_rate": 0.021631328603702597, "loss": "warp", "sgd_mode": "adagrad", "item_alpha": 1.3091299847344708e-05, "user_alpha": 1.0224773119348574e-07}