{"slim_elastic": 0.6284742688256079, "item_knn": 0.020319692804241306, "rp3": 0.3164898697305793, "p3alpha": 0.07327230643849582, "ials": 0.0026036317018350583, "ease_r": 0.0014396840235439581}