{"regularization": 5.230340393272498, "alpha": 0.44112377088094995, "factors": 827, "iterations": 148}