{"objective": "rank:ndcg", "n_estimators": 1182, "learning_rate": 0.004051576163868674, "reg_alpha": 4.894196270746902e-05, "reg_lambda": 9.556889289949846e-05, "max_depth": 5, "max_leaves": 65, "grow_policy": "lossguide", "gamma": 0.0904126478136329, "min_child_weight": 1.550074963325285e-07, "subsample": 0.7150237059128446, "colsample_bytree": 0.45597494433003727}