{"item_knn": 0.10996353439597718, "rp3": 0.44270068554785963, "p3alpha": 0.2302814084481887, "ials": 0.13247684184280648, "ease_r": 0.010170803955337608, "user_knn": 0.003579745979876761, "svd_item": 0.000548396732336559, "nmf": 0.002510699069124273, "slim_bpr": 6.807420307515992e-05}