{"learning_rate": 0.0023612819854119784, "batch_size": 775, "dropout": 0.6924970320747759, "l2_reg": 0.0059102402199232495, "anneal_cap": 0.38447598822933693}