{"objective": "rank:pairwise", "n_estimators": 426, "learning_rate": 0.0009501812093104347, "reg_alpha": 0.0033186888226267837, "reg_lambda": 0.14071072041297122, "max_depth": 10, "max_leaves": 251, "grow_policy": "lossguide", "gamma": 4.765512906801965e-06, "min_child_weight": 0.42106663798036426, "subsample": 0.649943521336496, "colsample_bytree": 0.41121773022603203}