{"objective": "rank:pairwise", "n_estimators": 3322, "learning_rate": 0.0035728742612082106, "reg_alpha": 0.00013861644861748486, "reg_lambda": 0.000958268643212146, "max_depth": 6, "max_leaves": 144, "grow_policy": "lossguide", "gamma": 0.37838942940845144, "min_child_weight": 0.00012362324484583624, "subsample": 0.30517801559710184, "colsample_bytree": 0.39347638188900413}