{"objective": "rank:pairwise", "n_estimators": 378, "learning_rate": 0.0030598113976944537, "reg_alpha": 0.2456369718125875, "reg_lambda": 0.008484280298067368, "max_depth": 6, "max_leaves": 376, "grow_policy": "depthwise", "gamma": 6.160038223236523e-06, "min_child_weight": 6.121732170013592e-05, "subsample": 0.47510359024002463, "colsample_bytree": 0.15911490746502377}