{"slim_elastic": 0.7055016257785176, "item_knn": 0.04567821515549036, "rp3": 0.2128594852139593, "p3alpha": 0.48026637063438987, "ials": 0.011047513804993822, "ease_r": 0.009813389141426643, "user_knn": 0.011492873259506146, "svd_item": 0.009253225835051558, "nmf": 0.0011546638940866953, "slim_bpr": 0.0006458494215963735}