{"learning_rate": 0.0049625695109130775, "batch_size": 218, "dropout": 0.4461403688987288, "l2_reg": 3.2628377170544505e-06, "anneal_cap": 0.6566762114087029, "total_anneal_steps": 5670921, "layer1": 101, "use_layer_2": "False"}