{"objective": "lambdarank", "n_estimators": 4080, "learning_rate": 0.0009310578365128976, "reg_alpha": 7.781842558425171e-05, "reg_lambda": 0.6237815836904073, "max_depth": 4, "num_leaves": 918, "min_split_gain": 0.2948106407058316, "min_child_weight": 2.8003592121563646e-06, "min_child_samples": 149, "subsample": 0.3470130429946908, "subsample_freq": 20, "colsample_bytree": 0.325826762914837}