{"alpha": 0.2139985499567939, "beta": 0.2194371742883361, "topK": 154}