{"objective": "cross_entropy", "n_estimators": 4894, "learning_rate": 0.0025007546223385305, "reg_alpha": 0.0001988852391607504, "reg_lambda": 0.0006324960015234234, "max_depth": 5, "num_leaves": 208, "min_split_gain": 2.2280717531824346e-06, "min_child_weight": 0.029362095516794626, "min_child_samples": 194, "subsample": 0.4729440748385255, "subsample_freq": 19, "colsample_bytree": 0.41451203337043124}