{"w1": 0.29661033787840524, "w2": 0.43259842617868055}