{"objective": "rank:pairwise", "n_estimators": 331, "learning_rate": 0.0014808486043948958, "reg_alpha": 0.6350937354385066, "reg_lambda": 0.013840933655944337, "max_depth": 4, "max_leaves": 432, "grow_policy": "depthwise", "max_bin": 59, "gamma": 2.5095903273031e-07, "min_child_weight": 1.8314312969084694e-05, "subsample": 0.2861990734883269, "colsample_bytree": 0.1915002546084547}