{"n_estimators": 2687, "learning_rate": 0.005471667584983009, "reg_alpha": 0.0017193571031386306, "reg_lambda": 0.007105218811703727, "max_depth": 4, "max_leaves": 241, "grow_policy": "depthwise", "gamma": 0.09573776346526869, "min_child_weight": 0.42280974243056085, "subsample": 0.4053184436750752, "colsample_bytree": 0.807930575726686}