{"objective": "rank:pairwise", "n_estimators": 4155, "learning_rate": 0.011212278859515954, "reg_alpha": 3.943936292919677e-05, "reg_lambda": 0.7774979472250633, "max_depth": 3, "max_leaves": 519, "grow_policy": "depthwise", "max_bin": 78, "gamma": 0.0006033424818070809, "min_child_weight": 0.2905092933831126, "subsample": 0.3533969011952897, "colsample_bytree": 0.7643663131584041}