{"objective": "lambdarank", "n_estimators": 597, "learning_rate": 0.00030682519660604724, "reg_alpha": 8.924819753647337e-05, "reg_lambda": 0.013013933848042402, "max_depth": 14, "num_leaves": 462, "min_split_gain": 0.00046120555529524784, "min_child_weight": 0.07871114134482605, "min_child_samples": 46, "subsample": 0.8936945707272465, "subsample_freq": 16, "colsample_bytree": 0.21282039614686202}