{"slim_elastic": 0.6858645187556359, "item_knn": 0.11498467845752652, "rp3": 0.6259644495745896, "p3alpha": 0.16135832143102607, "ials": 0.021696151868374296, "ease_r": 0.012703466947090802, "user_knn": 0.006152369437289357, "svd_item": 0.0031627608215723693, "nmf": 0.00027337461528882017, "slim_bpr": 0.0004745682700604111}