{"n_estimators": 5694, "learning_rate": 0.006227995058841188, "reg_alpha": 0.46722373526128835, "reg_lambda": 1.3083963979671474e-05, "max_depth": 3, "max_leaves": 866, "grow_policy": "depthwise", "gamma": 0.34590188479982226, "min_child_weight": 0.000587909618870335, "subsample": 0.5401941164242925, "colsample_bytree": 0.3195220521620891}