{"n_estimators": 6538, "learning_rate": 0.00868745344251944, "reg_alpha": 0.5943922660775401, "reg_lambda": 1.3068844456346603e-05, "max_depth": 3, "max_leaves": 173, "grow_policy": "lossguide", "gamma": 3.308738995007713, "min_child_weight": 0.0003596220045972306, "subsample": 0.5343858554709431, "colsample_bytree": 0.29005622419097726}