{"topK": 235, "epochs": 293, "learning_rate": 0.055603351479983645, "lambda_i": 0.022593512020182237, "lambda_j": 0.03989248152336611}