{"loss_function": "YetiRank", "iterations": 736, "depth": 4, "subsample": 0.05916833475906312, "learning_rate": 0.027440854265479746, "rsm": 0.4315878345564327, "l2_leaf_reg": 0.0061572483962561, "bagging_temperature": 2.0886777625769772, "min_data_in_leaf": 399.83544926162824, "leaf_estimation_iterations": 10, "border_count": 54}