{"objective": "rank:pairwise", "n_estimators": 3468, "learning_rate": 0.01183771241983131, "reg_alpha": 0.0014285736089761625, "reg_lambda": 0.040519467356711025, "max_depth": 4, "max_leaves": 308, "grow_policy": "lossguide", "gamma": 9.153096103729131e-07, "min_child_weight": 0.07800014815704251, "subsample": 0.22075017866332658, "colsample_bytree": 0.4153021407707608}