{"objective": "rank:pairwise", "n_estimators": 2713, "learning_rate": 0.007964356471492164, "reg_alpha": 0.050645269387568144, "reg_lambda": 0.01243269862672242, "max_depth": 5, "max_leaves": 341, "grow_policy": "depthwise", "gamma": 0.04807440001719139, "min_child_weight": 5.27519213130001e-06, "subsample": 0.432266097090616, "colsample_bytree": 0.5145064836869101}