{"n_estimators": 2183, "learning_rate": 0.006467232777285315, "reg_alpha": 0.00020820364097623721, "reg_lambda": 0.02816447406799299, "max_depth": 4, "max_leaves": 21, "grow_policy": "depthwise", "gamma": 3.006752511665198, "min_child_weight": 0.00561294804767842, "subsample": 0.3706136709273734, "colsample_bytree": 0.8719796492888097}