{"objective": "rank:pairwise", "n_estimators": 673, "learning_rate": 0.04026514441676544, "reg_alpha": 1.7281410830307405e-05, "reg_lambda": 0.0010801987121258256, "max_depth": 4, "max_leaves": 732, "grow_policy": "lossguide", "gamma": 0.08674182182693066, "min_child_weight": 0.33468060464272203, "subsample": 0.46102463547445444, "colsample_bytree": 0.4208738222127794}