{"SlimElastic": 0.4547757281968083, "ItemKNN": 0.0864480853943574, "RP3": 0.1781886450326679, "P3alpha": 0.010967952852325893, "EaseR": 0.030453775710842908, "UserKNN": 0.010073179373519592, "PureSVD": 0.0019377148153875588, "PureSVDItem": 4.2524976241603305e-05, "ScaledPureSVD": 1.596088664349173e-05, "NMF": 0.0003272356667656625, "SlimBPR": 2.8950670191052976e-06, "normalize": "l2"}