{"SlimElastic": 0.06487360728205781, "ItemKNN": 0.008800922355191625, "RP3": 0.025247969471010993, "P3alpha": 0.009030548614730655, "EaseR": 0.00010025324766680126, "UserKNN": 0.0007382317678535077, "PureSVD": 4.40785275619992e-05, "PureSVDItem": 0.00016329267724967647, "ScaledPureSVD": 3.947366691619507e-05, "NMF": 3.257769097665972e-05, "SlimBPR": 7.916627412612215e-05}