{"objective": "rank:pairwise", "n_estimators": 1356, "learning_rate": 0.01815856775896779, "reg_alpha": 0.0003705002270789043, "reg_lambda": 0.09416383991006923, "max_depth": 4, "max_leaves": 658, "grow_policy": "depthwise", "gamma": 2.3568068920238408e-05, "min_child_weight": 0.08417962831125855, "subsample": 0.24227262618188733, "colsample_bytree": 0.7902249932894}