{"loss_function": "YetiRank", "iterations": 273, "depth": 6, "subsample": 0.15928272806396043, "learning_rate": 0.032477258413595236, "rsm": 0.6505881407097457, "l2_leaf_reg": 0.2644104041184648, "bagging_temperature": 3.0213640137540434, "min_data_in_leaf": 6166.069957278758, "leaf_estimation_iterations": 4}