{"loss_function": "QuerySoftMax", "iterations": 2259, "depth": 7, "subsample": 0.13549378745896729, "learning_rate": 0.023402825857623818, "rsm": 0.2248173969884562, "l2_leaf_reg": 0.001823891606343049, "bagging_temperature": 41.08279854998501, "min_data_in_leaf": 22.487789734938968, "leaf_estimation_iterations": 3, "border_count": 225, "grow_policy": "Lossguide"}