{"learning_rate": 0.0009365242115892845, "batch_size": 158, "dropout": 0.4776220180494817, "l2_reg": 0.0002473965238839171, "anneal_cap": 0.7289458574531685, "total_anneal_steps": 5974054, "layer1": 149, "use_layer_2": "False"}