{"objective": "rank:pairwise", "n_estimators": 1133, "learning_rate": 0.004633648111894308, "reg_alpha": 0.0790705079467996, "reg_lambda": 0.0020016554089492284, "max_depth": 3, "max_leaves": 88, "grow_policy": "depthwise", "gamma": 9.288309780874557e-05, "min_child_weight": 0.0655532785978237, "subsample": 0.10980468353329918, "colsample_bytree": 0.38875773152388315}