{"alpha": 0.27481579404986, "beta": 0.12671090716208439, "topK": 23}