{"reg": 37.6403647989866, "alpha": 4.092139219750198, "num_factors": 500, "confidence_scaling": "linear", "epochs": 51}