{"loss_function": "YetiRank", "iterations": 3845, "depth": 4, "subsample": 0.07244211667445546, "learning_rate": 0.015436754716993371, "rsm": 0.41142381239338566, "l2_leaf_reg": 0.0020177836834160173, "bagging_temperature": 4.99008807924602, "min_data_in_leaf": 775.0745309758556, "leaf_estimation_iterations": 7, "border_count": 47}