{"loss_function": "YetiRank", "iterations": 842, "depth": 5, "subsample": 0.13994347260574302, "learning_rate": 0.014423523160086596, "rsm": 0.08222013941625035, "l2_leaf_reg": 0.009299663973602558, "bagging_temperature": 0.15662925977453204, "min_data_in_leaf": 5654.082555746024, "leaf_estimation_iterations": 7, "border_count": 18}