{"slim_elastic": 0.5554192249949339, "item_knn": 0.02747124828258982, "rp3": 0.04017358128088923, "p3alpha": 0.020176361746538616, "ials": 0.00793981799849287, "ease_r": 0.005144718080346737, "normalize": "l1"}