{"objective": "rank:pairwise", "n_estimators": 1651, "learning_rate": 0.046241466869415195, "reg_alpha": 0.00962049383206972, "reg_lambda": 0.03857171465263188, "max_depth": 3, "max_leaves": 565, "grow_policy": "lossguide", "gamma": 4.818362600697425e-07, "min_child_weight": 0.00011724081994987346, "subsample": 0.4237919548815219, "colsample_bytree": 0.5796005332443591}