{"reg": 8.80246771889694, "alpha": 4.102792897864675, "num_factors": 198, "confidence_scaling": "linear"}