{"learning_rate": 0.0010688067240808858, "batch_size": 32, "dropout": 0.8893785466656048, "l2_reg": 0.0444889066421689, "anneal_cap": 0.05014453326905595, "total_anneal_steps": 3675}