{"objective": "lambdarank", "n_estimators": 644, "learning_rate": 0.03145074927298457, "reg_alpha": 9.604825355257416, "reg_lambda": 97.63259111360036, "max_depth": 5, "num_leaves": 23, "min_split_gain": 0.43080515516706014, "min_child_weight": 1.347985468790913e-07, "min_child_samples": 413, "subsample": 0.7284634235204882, "subsample_freq": 11, "colsample_bytree": 0.7306778992112481, "colsample_bynode": 0.5984303198038742, "max_bin": 116, "extra_trees": true}