{"objective": "lambdarank", "n_estimators": 4951, "learning_rate": 0.01189667596809468, "reg_alpha": 0.000793205006500857, "reg_lambda": 0.05371027295318437, "max_depth": 3, "num_leaves": 569, "min_split_gain": 0.035264041141146424, "min_child_weight": 0.0007236472904464309, "min_child_samples": 278, "subsample": 0.7520071962455803, "subsample_freq": 15, "colsample_bytree": 0.7482934428107202, "colsample_bynode": 0.24071435032412875, "max_bin": 98, "extra_trees": true}