{"n_components": 78, "learning_rate": 0.015066692225065455, "loss": "warp", "sgd_mode": "adagrad", "item_alpha": 2.8506118111718625e-05, "user_alpha": 6.877030322443421e-07}