{"objective": "rank_xendcg", "n_estimators": 2736, "learning_rate": 0.0032203772739393508, "reg_alpha": 0.5744551095476578, "reg_lambda": 0.09312158983113587, "max_depth": 7, "num_leaves": 1013, "min_split_gain": 2.75470539679984e-06, "min_child_weight": 5.87022476434501e-07, "min_child_samples": 170, "subsample": 0.5019848240123237, "subsample_freq": 12, "colsample_bytree": 0.40206212976305306}