{"loss_function": "YetiRank", "iterations": 724, "depth": 5, "subsample": 0.14238738567031597, "learning_rate": 0.01680890911039704, "rsm": 0.07396264611059551, "l2_leaf_reg": 0.009200880301114076, "bagging_temperature": 0.3005106845954763, "min_data_in_leaf": 12112.750549988936, "leaf_estimation_iterations": 7, "border_count": 18}