{"objective": "rank:ndcg", "n_estimators": 1375, "learning_rate": 0.00512077448474852, "reg_alpha": 0.0030115480548400537, "reg_lambda": 0.00014314539262430407, "max_depth": 4, "max_leaves": 442, "grow_policy": "depthwise", "max_bin": 267, "gamma": 0.0005217014454654309, "min_child_weight": 0.008082093824607908, "subsample": 0.38327865232781466, "colsample_bytree": 0.742552359892899}