{"num_layers": 2, "embedding_size": 22, "learning_rate": 8.141577994378784e-05, "optimizer": "adam", "l2_reg": 0.00012436581459795263, "batch_size": 256, "epochs": 25}