{"item_knn": 0.042320335161458465, "rp3": 0.338835899268896, "p3alpha": 0.22358542855890892, "ease_r": 0.0012601255207637437, "user_knn": 0.003644245762518837, "svd_item": 0.0021530811736026403, "nmf": 0.0024789426094644954, "slim_bpr": 7.394873752277009e-05}