{"loss_function": "YetiRank", "iterations": 376, "depth": 5, "subsample": 0.338629467849432, "learning_rate": 0.02621444298156819, "rsm": 0.5089959586669129, "l2_leaf_reg": 0.1836529982041752, "bagging_temperature": 55.64175291248635, "min_data_in_leaf": 31697.24623328756, "leaf_estimation_iterations": 7}