{"objective": "rank:pairwise", "n_estimators": 478, "learning_rate": 0.02344678946935216, "reg_alpha": 0.0007267609223442736, "reg_lambda": 0.0002207382581874673, "max_depth": 18, "max_leaves": 33, "grow_policy": "lossguide", "gamma": 0.8243784074457412, "min_child_weight": 0.0025153955691137437, "subsample": 0.13164840188450036, "colsample_bytree": 0.8189120498365495}