{"w1": 0.0498387283646936, "w2": 0.011645387507125642, "w3": 0.026471873870165304}