{"slim_elastic": 0.6848900223701251, "item_knn": 0.02362039786578403, "rp3": 0.34498448268010196, "p3alpha": 0.08109465530284994, "ials": 0.007973497243883952, "ease_r": 0.0004736583896987907}