{"topK": 13, "epochs": 350, "learning_rate": 0.003606396346224834, "lambda_i": 0.008690363139721944, "lambda_j": 4.32428460722928e-06}