{"alpha": 0.34829602813229277, "beta": 0.14546017607485945, "topK": 29}