{"loss_function": "YetiRank", "iterations": 2404, "depth": 5, "subsample": 0.07267353182424346, "learning_rate": 0.015501798648218101, "rsm": 0.3974643413023517, "l2_leaf_reg": 0.005138005324282027, "bagging_temperature": 5.974380742086505, "min_data_in_leaf": 838.8810810892545, "leaf_estimation_iterations": 7, "border_count": 42}