{"topK": 11, "epochs": 358, "learning_rate": 0.003600693031281155, "lambda_i": 0.004908610542695459, "lambda_j": 6.273026067382546e-06}