{"topK": 62, "shrink": 480, "similarity": "tversky", "feature_weighting": "BM25", "tversky_alpha": 0.03679620043176055, "tversky_beta": 1.9314395554791928}