{"alpha": 0.3408516511081212, "beta": 0.1447198697205665, "topK": 32}