{"l1_ratio": 6.668818277309522e-05, "alpha": 0.011577138439296128, "topK": 1779, "positive_only": true}