{"l1_ratio": 0.05317903982918708, "alpha": 0.001375627031283601, "topK": 171, "positive_only": true}