{"n_components": 142, "learning_rate": 0.19634404411728962, "loss": "bpr", "sgd_mode": "adadelta", "item_alpha": 3.672686418240886e-05, "user_alpha": 4.046524224072206e-06}