{"topK": 14, "shrink": 25, "similarity": "tversky", "tversky_alpha": 0.18163095712123836, "tversky_beta": 1.8529812241698465}