{"loss_function": "QuerySoftMax", "iterations": 386, "depth": 6, "subsample": 0.11083328162947435, "learning_rate": 0.19999435444312205, "rsm": 0.100059347923992, "l2_leaf_reg": 0.0002738246291429338, "bagging_temperature": 92.19640817289431, "min_data_in_leaf": 31.329139546800747, "leaf_estimation_iterations": 1, "border_count": 143, "grow_policy": "Depthwise"}