{"learning_rate": 0.0026147872342296387, "batch_size": 588, "dropout": 0.657159088523782, "l2_reg": 0.0012253085420135539, "anneal_cap": 0.3805409200008189}