{"objective": "rank:ndcg", "n_estimators": 2314, "learning_rate": 0.004440967666709415, "reg_alpha": 0.03807646955441993, "reg_lambda": 0.05909564359439126, "max_depth": 5, "max_leaves": 71, "grow_policy": "lossguide", "gamma": 0.015984550541513116, "min_child_weight": 1.3719821523241549e-07, "subsample": 0.46135360410689275, "colsample_bytree": 0.14087652185876645}