{"objective": "lambdarank", "n_estimators": 2697, "learning_rate": 0.00027766028746583526, "reg_alpha": 3.1244505456045896e-05, "reg_lambda": 0.08022245500434938, "max_depth": 7, "num_leaves": 58, "min_split_gain": 0.031068063710486492, "min_child_weight": 1.3094604252362751e-05, "min_child_samples": 163, "subsample": 0.32556661671400017, "subsample_freq": 16, "colsample_bytree": 0.39063853107237045}