{"slim_elastic": 0.7193733514657833, "item_knn": 0.12465144642034517, "rp3": 0.6252140687790287, "p3alpha": 0.1840576185802285, "ials": 0.02451576776845085, "ease_r": 0.012336976985423097, "user_knn": 0.006208003978833455, "svd_item": 0.00015335308789936173, "nmf": 0.0006631477334914814, "slim_bpr": 0.0005710834213303122}