{"slim_elastic": 0.2379194019154785, "item_knn": 0.02474624052535323, "rp3": 0.13212249234776433, "p3alpha": 0.0716545171010682, "ials": 0.0021675374450450006, "ease_r": 0.00023320130802982763, "user_knn": 0.003158065755974938, "svd_item": 0.0001035028469107141, "scaled_svd": 0.000268409591193901, "nmf": 1.329656577340408e-05, "slim_bpr": 1.9859258506930608e-05}