{"regularization": 70.26215166970975, "alpha": 12.302895929513149, "factors": 372, "iterations": 90}