{"regularization": 10.147945187954447, "alpha": 2.611090383454037, "factors": 1017, "iterations": 107, "random_state": 10}