{"n_estimators": 3747, "learning_rate": 0.0033607163522015138, "reg_alpha": 0.0014486197598823764, "reg_lambda": 0.004987889321281385, "max_depth": 5, "max_leaves": 766, "grow_policy": "depthwise", "gamma": 1.4042479779043986, "min_child_weight": 0.5906456146269116, "subsample": 0.39232110835267486, "colsample_bytree": 0.821102957120858}