{"objective": "cross_entropy", "n_estimators": 3820, "learning_rate": 0.0021933884749191523, "reg_alpha": 3.819198846517332e-05, "reg_lambda": 0.5354021830690363, "max_depth": 5, "num_leaves": 354, "min_split_gain": 1.0541640502580333e-07, "min_child_weight": 0.0057456058051813235, "min_child_samples": 196, "subsample": 0.45742879031834127, "subsample_freq": 19, "colsample_bytree": 0.7105776598639666}