{"n_estimators": 722, "learning_rate": 0.4939932845394403, "reg_alpha": 5.0147578369187964e-05, "reg_lambda": 1.6779028300685732e-05, "max_depth": 8, "max_leaves": 388, "grow_policy": "lossguide", "booster": "gblinear", "gamma": 0.023574437421888184, "min_child_weight": 0.08601500894759154, "subsample": 0.751349950036361, "colsample_bytree": 0.3848413723009021}