{"learning_rate": 0.005051289309690323, "batch_size": 220, "dropout": 0.4464228666677533, "l2_reg": 0.0004951113104345239, "anneal_cap": 0.6465689844164281, "total_anneal_steps": 5687502, "layer1": 109, "use_layer_2": "False"}