{"objective": "rank:pairwise", "n_estimators": 1603, "learning_rate": 0.021646529467999442, "reg_alpha": 0.0002819217941278494, "reg_lambda": 0.1985147624010491, "max_depth": 3, "max_leaves": 518, "grow_policy": "depthwise", "gamma": 1.1208182149511027e-05, "min_child_weight": 0.1332542158185395, "subsample": 0.2258704078864983, "colsample_bytree": 0.8235809105646227}