{"objective": "rank:ndcg", "n_estimators": 1125, "learning_rate": 0.007531593254214116, "reg_alpha": 0.037758148189429123, "reg_lambda": 0.07248793821580929, "max_depth": 5, "max_leaves": 87, "grow_policy": "lossguide", "gamma": 0.0010972309591574286, "min_child_weight": 2.331568377969898e-07, "subsample": 0.37633064066994704, "colsample_bytree": 0.1128557337331428}