{"lightgbm": 3.44687588833928, "catboost": 3.9391461450175473}