{"loss_function": "YetiRank", "iterations": 537, "depth": 4, "subsample": 0.2670564892984135, "learning_rate": 0.03571849729368963, "rsm": 0.6574407451168213, "l2_leaf_reg": 0.3314177704217557, "bagging_temperature": 16.74746331399238, "min_data_in_leaf": 22524.84659055503, "leaf_estimation_iterations": 10}