{"loss_function": "QuerySoftMax", "iterations": 774, "depth": 7, "subsample": 0.10379773925128041, "learning_rate": 0.06579073986895624, "rsm": 0.13092091973523132, "l2_leaf_reg": 0.0001719117687843337, "bagging_temperature": 14.585927727897415, "min_data_in_leaf": 27.54636494427159, "leaf_estimation_iterations": 4, "border_count": 83, "grow_policy": "Lossguide"}