{"w1": 0.6982294749234325, "w2": 0.9336649353144076, "w3": 0.8685182329823133}