{"regularization": 80.58229091104576, "alpha": 24.909857579025957, "factors": 994, "iterations": 196}