{"learning_rate": 0.004428122709217762, "batch_size": 566, "dropout": 0.6415861775187401, "l2_reg": 0.005365646679451093, "anneal_cap": 0.3805814175186052}