{"n_estimators": 237, "learning_rate": 0.0014855809797084405, "reg_alpha": 5.0178450656835606e-05, "reg_lambda": 0.00011930836162379202, "max_depth": 5, "max_leaves": 383, "grow_policy": "lossguide", "booster": "gbtree", "gamma": 0.0001108037912029968, "min_child_weight": 2.8481877755900253e-06, "subsample ": 0.8094291384555529, "colsample_bytree": 0.5915200700144935}