{"reg": 0.010197254827136416, "alpha": 0.8732142869332377, "num_factors": 77}