{"alpha": 0.26348679053501006, "beta": 0.17536156577039744, "topK": 27}