{"regularization": 8.37216315724118e-06, "alpha": 0.3708466291672987, "factors": 105, "iterations": 29}