{"objective": "rank_xendcg", "n_estimators": 3308, "learning_rate": 0.0025833228771978355, "reg_alpha": 0.43553015400814127, "reg_lambda": 0.8385317819897303, "max_depth": 6, "num_leaves": 757, "min_split_gain": 2.6424893494260948e-06, "min_child_weight": 1.8810459335376918e-06, "min_child_samples": 198, "subsample": 0.4754191026114341, "subsample_freq": 12, "colsample_bytree": 0.47084617491331104}