{"l1_ratio": 1.2566999275268119e-05, "alpha": 7.467297988612247e-05, "topK": 750, "positive_only": true}