{"l1_ratio": 1.2682303109616293e-05, "alpha": 0.011485718208826268, "topK": 1061, "positive_only": true}