{"alpha": 0.3362945278558386, "beta": 0.19965257823313637, "topK": 23}