{"w1": 0.4717122384672219, "w2": 0.6233335471071201, "w3": 0.9156030234703622, "w4": 0.17154120109839738, "w5": 0.3138816798062263, "w6": 0.12689600060451406}