{"objective": "lambdarank", "n_estimators": 1749, "learning_rate": 0.0017255486649720144, "reg_alpha": 0.1856718160410424, "reg_lambda": 0.7998243840395906, "max_depth": 5, "num_leaves": 234, "min_split_gain": 1.5512518845438742e-06, "min_child_weight": 1.2880326895798526e-06, "min_child_samples": 26, "subsample": 0.8261317871606515, "subsample_freq": 12, "colsample_bytree": 0.354769228927026}