{"objective": "rank:pairwise", "n_estimators": 3624, "learning_rate": 0.01610383251161503, "reg_alpha": 4.276147785672838e-05, "reg_lambda": 0.3271200907087895, "max_depth": 3, "max_leaves": 476, "grow_policy": "depthwise", "max_bin": 84, "gamma": 0.0004972310389832298, "min_child_weight": 0.283551735216614, "subsample": 0.3120612573221366, "colsample_bytree": 0.7811641639432679}