{"objective": "rank:ndcg", "n_estimators": 1359, "learning_rate": 0.003988086264394765, "reg_alpha": 1.6832353844782147e-05, "reg_lambda": 0.0005039185079062401, "max_depth": 6, "max_leaves": 916, "grow_policy": "depthwise", "gamma": 2.138422895851648e-05, "min_child_weight": 2.5231679399554744e-06, "subsample": 0.35118330312486995, "colsample_bytree": 0.12255183427245055}