{"topK": 10, "shrink": 440, "similarity": "tversky", "feature_weighting": "BM25", "tversky_alpha": 0.0008277847794429735, "tversky_beta": 1.959741623333919}