{"item_knn": 0.15778573055111927, "rp3": 0.4537190593745236, "p3alpha": 0.3332076925657023, "ials": 0.18873926545901815, "ease_r": 0.008958947376370386, "user_knn": 0.001454667740908643, "svd_item": 0.00041976516416371556, "nmf": 0.0011209447523190098, "slim_bpr": 0.00031747086938584915}