{"objective": "cross_entropy", "n_estimators": 2709, "learning_rate": 0.0053208540659532835, "reg_alpha": 0.0003580625487934924, "reg_lambda": 0.0001586665480537507, "max_depth": 5, "num_leaves": 28, "min_split_gain": 3.173872464167416e-05, "min_child_weight": 0.12147569010862018, "min_child_samples": 194, "subsample": 0.3237242402523125, "subsample_freq": 16, "colsample_bytree": 0.29082182047324445}