{"objective": "rank:pairwise", "n_estimators": 292, "learning_rate": 0.04376313692053257, "reg_alpha": 0.004620294660444408, "reg_lambda": 3.837311989756765e-05, "max_depth": 4, "max_leaves": 86, "grow_policy": "depthwise", "gamma": 6.297814317140342e-07, "min_child_weight": 9.532126248600784e-06, "subsample": 0.3767256670968825, "colsample_bytree": 0.15521726311375997}