{"num_layers": 1, "embedding_size": 15, "learning_rate": 0.0002107989881846119, "optimizer": "adam", "l2_reg": 0.0004687934239855416, "batch_size": 32, "epochs": 14}