{"objective": "cross_entropy", "n_estimators": 395, "learning_rate": 0.00047635423668663824, "reg_alpha": 9.943721353295732e-05, "reg_lambda": 0.00014795680971719851, "max_depth": 11, "num_leaves": 458, "min_split_gain": 0.010148647385944396, "min_child_weight": 2.087596113163538e-05, "min_child_samples": 40, "subsample": 0.7067733482208203, "subsample_freq": 6, "colsample_bytree": 0.5663526441465974}