{"objective": "rank:pairwise", "n_estimators": 218, "learning_rate": 0.000674301068058864, "reg_alpha": 0.00010457977076860679, "reg_lambda": 0.37155519207018617, "max_depth": 9, "max_leaves": 220, "grow_policy": "lossguide", "gamma": 6.328498036065154e-07, "min_child_weight": 0.8993560627394179, "subsample": 0.8015062699341187, "colsample_bytree": 0.41335927493279456}