{"regularization": 0.9592194979604439, "alpha": 11.997493696447663, "factors": 113, "iterations": 255, "random_state": 23}