{"reg": 2.7262370191022017e-07, "alpha": 5.733758251024303, "num_factors": 299, "confidence_scaling": "log", "epsilon": 2.1130452743110744}