{"objective": "cross_entropy", "n_estimators": 3741, "learning_rate": 0.0021026007478513486, "reg_alpha": 0.0168136372034943, "reg_lambda": 0.0007964446531260937, "max_depth": 6, "num_leaves": 285, "min_split_gain": 1.022896407282132e-06, "min_child_weight": 0.012422582131122658, "min_child_samples": 196, "subsample": 0.4710214670298607, "subsample_freq": 19, "colsample_bytree": 0.41054706729667734}