{"objective": "lambdarank", "n_estimators": 1559, "learning_rate": 0.016631642108367765, "reg_alpha": 0.0018721585117349442, "reg_lambda": 0.4048374881114356, "max_depth": 3, "num_leaves": 593, "min_split_gain": 0.002082439962563277, "min_child_weight": 4.792037715918677e-05, "min_child_samples": 166, "subsample": 0.7772001844413681, "subsample_freq": 16, "colsample_bytree": 0.7458838333148737, "colsample_bynode": 0.5410566928453037, "max_bin": 87, "extra_trees": true}