{"alpha": 0.03241305406605031, "beta": 0.22182440994079466, "topK": 124}