{"objective": "lambdarank", "n_estimators": 2271, "learning_rate": 0.024958593452684672, "reg_alpha": 0.010258907347612306, "reg_lambda": 1.3291982102575675, "max_depth": 3, "num_leaves": 631, "min_split_gain": 0.001976291604524115, "min_child_weight": 1.9539305890633218e-05, "min_child_samples": 257, "subsample": 0.8998635254513981, "subsample_freq": 18, "colsample_bytree": 0.8024683109971088, "colsample_bynode": 0.5155580567519175, "max_bin": 158, "extra_trees": true}