{"objective": "rank:ndcg", "n_estimators": 4361, "learning_rate": 0.0036991908923772617, "reg_alpha": 0.0009711625672809899, "reg_lambda": 0.006406168404441586, "max_depth": 3, "max_leaves": 955, "grow_policy": "lossguide", "max_bin": 271, "gamma": 5.957562142584832, "min_child_weight": 0.005152752505986103, "subsample": 0.2711612704566566, "colsample_bytree": 0.7298818794928744}