{"objective": "rank:map", "n_estimators": 2684, "learning_rate": 0.00010004645192185219, "reg_alpha": 0.003203198424542132, "reg_lambda": 0.00039954933900739493, "max_depth": 7, "max_leaves": 87, "grow_policy": "lossguide", "gamma": 0.0001620230062307343, "min_child_weight": 0.9460987537002047, "subsample": 0.41784026234466715, "colsample_bytree": 0.2267876994916998}