{"iterations": 2807, "depth": 12, "subsample": 0.19735578797981188, "learning_rate": 0.008835164547528454, "rsm": 0.07383345325869901, "l2_leaf_reg": 0.030762318761042694, "bagging_temperature": 15.975343778153059, "min_data_in_leaf": 19058.382680775034, "leaf_estimation_iterations": 3, "grow_policy": "Lossguide", "border_count": 104}