{"objective": "rank:pairwise", "n_estimators": 928, "learning_rate": 0.023136101834103518, "reg_alpha": 2.8070838006568398e-05, "reg_lambda": 0.0012103838489217272, "max_depth": 14, "max_leaves": 8, "grow_policy": "lossguide", "gamma": 3.3346724656507223, "min_child_weight": 8.600283411355063e-05, "subsample": 0.11650070745264299, "colsample_bytree": 0.8558710998493058}