{"objective": "rank:ndcg", "n_estimators": 137, "learning_rate": 0.06005822126710328, "reg_alpha": 0.04792772456672987, "reg_lambda": 0.029778685587951114, "max_depth": 3, "max_leaves": 115, "grow_policy": "depthwise", "gamma": 0.00017148301986888472, "min_child_weight": 0.13177072723138886, "subsample": 0.2441900171836821, "colsample_bytree": 0.5425445097984052}