{"num_layers": 2, "embedding_size": 19, "learning_rate": 0.00012838208404111743, "optimizer": "adam", "l2_reg": 3.864206381726484e-05, "batch_size": 32, "epochs": 23}