{"lightgbm": 2.765500456794607, "catboost": 2.30122972456203}