{"objective": "rank:ndcg", "n_estimators": 2054, "learning_rate": 0.0012507628090365059, "reg_alpha": 0.005264882049578949, "reg_lambda": 0.000382672340607752, "max_depth": 5, "max_leaves": 461, "grow_policy": "depthwise", "max_bin": 171, "gamma": 0.00013451240137818987, "min_child_weight": 0.028533894426168483, "subsample": 0.1787865462607202, "colsample_bytree": 0.20290931535161352}