{"loss_function": "YetiRank", "iterations": 849, "depth": 11, "subsample": 0.11940109086902323, "learning_rate": 0.00759102421315805, "rsm": 0.6284446606173535, "l2_leaf_reg": 0.06371618472716165, "bagging_temperature": 56.30315625419851, "min_data_in_leaf": 87.06828478707659, "leaf_estimation_iterations": 4, "border_count": 247}