{"base_f_algorithm": "rp3beta", "base_b_algorithm": "rp3beta", "convex_lambda": 0.29349101316720133, "f_rp3_alpha": 0.027401324023137497, "f_rp3_beta": 0.1993444204207519, "f_rp3_topK": 20, "b_rp3_alpha": 0.7263749292735336, "b_rp3_beta": 0.03373722934546533, "b_rp3_topK": 355}