{"l1_ratio": 0.027610154256590975, "alpha": 0.0016736125811064849, "topK": 336, "positive_only": true}