{"alpha": 0.513297287731911, "beta": 0.14806602610935488, "topK": 54}