{"reg": 9.63289312778902, "alpha": 3.1705954153105007, "num_factors": 162, "confidence_scaling": "linear"}