{"num_factors": 150, "scaling_items": 0.002408657727792394, "scaling_users": 0.22728409291528878}