{"SlimElastic": 0.034400506295794005, "ItemKNN": 0.0057846719154711675, "RP3": 0.019308697843144627, "P3alpha": 0.00212020472842722, "EaseR": 0.0001971258348121114, "UserKNN": 0.0004434850727205686}