{"objective": "rank:pairwise", "n_estimators": 790, "learning_rate": 0.01488814145957121, "reg_alpha": 0.00017515256982297557, "reg_lambda": 0.0015850106831238099, "max_depth": 16, "max_leaves": 28, "grow_policy": "lossguide", "gamma": 9.760150075915384, "min_child_weight": 0.00036403571627683387, "subsample": 0.13092566200190445, "colsample_bytree": 0.8641398101912587}