{"objective": "cross_entropy_lambda", "n_estimators": 1556, "learning_rate": 0.003220244163332077, "reg_alpha": 0.00011411914439366277, "reg_lambda": 5.705693656617204e-05, "max_depth": 9, "num_leaves": 143, "min_split_gain": 1.5342061229598296e-05, "min_child_weight": 0.5709558529907122, "min_child_samples": 162, "subsample": 0.38525350555672444, "subsample_freq": 10, "colsample_bytree": 0.23831076670705573}