{"l1_ratio": 1.7158869366151196e-05, "alpha": 0.012399164771978778, "topK": 1500, "positive_only": true}