{"objective": "rank:ndcg", "n_estimators": 3782, "learning_rate": 0.0019156209989855616, "reg_alpha": 0.00014702064072534172, "reg_lambda": 3.8828541597915585e-05, "max_depth": 3, "max_leaves": 191, "grow_policy": "depthwise", "gamma": 3.595611974286787, "min_child_weight": 0.14442060076252175, "subsample": 0.30741035799053973, "colsample_bytree": 0.792035330956228}