{"n_components": 737, "learning_rate": 0.13449030189251596, "loss": "bpr", "sgd_mode": "adadelta", "item_alpha": 2.1628926420376903e-06, "user_alpha": 1.80736975379045e-06}