{"topK": 10, "epochs": 221, "learning_rate": 0.0039438123687406176, "lambda_i": 0.2723552556137946, "lambda_j": 0.0052051092893461645}