{"item_knn": 0.050774640152222925, "rp3": 0.35730087685145995, "p3alpha": 0.18757329883116283, "ease_r": 0.0013286016102773412, "user_knn": 0.0036521844735514794, "svd_item": 0.0033963853363314905, "nmf": 0.0017799916269743072, "slim_bpr": 6.43751837916623e-05}