{"lightgbm": 1.3562551829768088, "catboost": 1.2465511866274086}