{"objective": "rank:pairwise", "n_estimators": 3493, "learning_rate": 0.00037541762065072224, "reg_alpha": 0.11221846186514045, "reg_lambda": 0.0010790081382308489, "max_depth": 17, "max_leaves": 175, "grow_policy": "depthwise", "gamma": 0.006155411432308823, "min_child_weight": 0.7586142421493076, "subsample": 0.8280209821356405, "colsample_bytree": 0.3310406358506635}