{"num_layers": 5, "embedding_size": 9, "learning_rate": 0.0011191184575767377, "init_std": 0.00848926887360631, "optimizer": "sgd", "loss": "xentropy", "l2_user": 0.19631978156964322, "l2_item": 19.05497667970805, "epochs": 6}