{"l1_ratio": 0.00012744940209221924, "alpha": 0.01188054388417057, "topK": 1629, "positive_only": true}