{"slim_elastic": 0.7209168113748516, "item_knn": 0.03840456872593616, "rp3": 0.015114343017976095, "p3alpha": 0.11634120146875114, "ials": 0.02207551112968138, "ease_r": 0.0018677137806573584, "user_knn": 0.00010230632503677352, "svd_item": 3.335476021764958e-05, "scaled_svd": 0.004674450115740222, "nmf": 1.5608491456078567e-06, "slim_bpr": 2.561180064658711e-05, "normalize": "l2"}