{"alpha": 0.4447677203213049, "beta": 0.10761839146589515, "topK": 336}