{"objective": "rank:pairwise", "n_estimators": 1037, "learning_rate": 0.0466772805365313, "reg_alpha": 0.0001351195169246528, "reg_lambda": 0.2557834163792616, "max_depth": 3, "max_leaves": 812, "grow_policy": "depthwise", "max_bin": 403, "gamma": 5.3272365241098285e-05, "min_child_weight": 0.06144661586854157, "subsample": 0.2178638453548246, "colsample_bytree": 0.8448681699433416}