{"ials": 0.5514470618893347, "ease_r": 0.9978569761726014, "user_knn": 0.0005182360887141537, "svd_item": 0.006173003294966801, "scaled_svd": 0.0007664486512604326, "nmf": 0.002490626680259802, "slim_bpr": 2.8561425149804318e-05}