{"objective": "rank:ndcg", "n_estimators": 745, "learning_rate": 0.0037924810823035315, "reg_alpha": 2.4338783284662957e-05, "reg_lambda": 0.0006584242808203355, "max_depth": 5, "max_leaves": 910, "grow_policy": "depthwise", "gamma": 1.2432969348729871e-05, "min_child_weight": 2.2145444639860782e-07, "subsample": 0.2653406536696013, "colsample_bytree": 0.171056323534908}