{"objective": "cross_entropy_lambda", "n_estimators": 3960, "learning_rate": 0.005116144518741861, "reg_alpha": 0.0005342322847363924, "reg_lambda": 8.454179802574682e-05, "max_depth": 16, "num_leaves": 19, "min_split_gain": 2.0446164793100293e-06, "min_child_weight": 0.14625826984433593, "min_child_samples": 192, "subsample": 0.27933284363949806, "subsample_freq": 14, "colsample_bytree": 0.1600094688879327}