{"loss_function": "YetiRank", "iterations": 1631, "depth": 5, "subsample": 0.07600592388940716, "learning_rate": 0.02691033481044704, "rsm": 0.3779533606577677, "l2_leaf_reg": 0.003457305645984594, "bagging_temperature": 1.6083807321131853, "min_data_in_leaf": 266.41206053197766, "leaf_estimation_iterations": 9, "border_count": 47}