{"n_components": 381, "learning_rate": 0.1407822603350589, "loss": "bpr", "sgd_mode": "adadelta", "item_alpha": 2.928052786110642e-06, "user_alpha": 2.8505976135764186e-06}