{"loss_function": "YetiRank", "iterations": 664, "depth": 6, "subsample": 0.10547152609724686, "learning_rate": 0.01660273980665523, "rsm": 0.4624451147514298, "l2_leaf_reg": 0.0014229085331226897, "bagging_temperature": 5.641721368969686, "min_data_in_leaf": 565.8370865664756, "leaf_estimation_iterations": 10, "border_count": 48}