{"reg": 36.011592861418016, "alpha": 4.017909303426029, "num_factors": 495, "confidence_scaling": "linear", "epochs": 15}