{"objective": "rank:pairwise", "n_estimators": 266, "learning_rate": 0.0009869509136246134, "reg_alpha": 0.00017088723733099873, "reg_lambda": 0.5137280031256188, "max_depth": 9, "max_leaves": 234, "grow_policy": "lossguide", "gamma": 3.277258055203449e-06, "min_child_weight": 0.5195950113217487, "subsample": 0.8128690737876132, "colsample_bytree": 0.37783436814658355}