{"objective": "rank:pairwise", "n_estimators": 317, "learning_rate": 0.002179663872389868, "reg_alpha": 0.0005128450976487865, "reg_lambda": 0.48708926227332877, "max_depth": 12, "max_leaves": 364, "grow_policy": "lossguide", "gamma": 0.00013646296620975363, "min_child_weight": 0.5174127902942901, "subsample": 0.8987335410458818, "colsample_bytree": 0.3142052244649798}