{"loss_function": "QuerySoftMax", "iterations": 4718, "depth": 10, "subsample": 0.46713663860910903, "learning_rate": 0.0078054192891432745, "rsm": 0.13418339634509352, "l2_leaf_reg": 0.27046421277344723, "bagging_temperature": 0.10014381939914284, "min_data_in_leaf": 42668.07449009208, "leaf_estimation_iterations": 3, "border_count": 250}