{"objective": "rank_xendcg", "n_estimators": 4055, "learning_rate": 0.002664245280633023, "reg_alpha": 0.6385048345124933, "reg_lambda": 0.014518297854314112, "max_depth": 5, "num_leaves": 498, "min_split_gain": 0.0006060818802569294, "min_child_weight": 2.3832161769718086e-05, "min_child_samples": 40, "subsample": 0.6623370681189602, "subsample_freq": 4, "colsample_bytree": 0.6395074007484995}