{"learning_rate": 0.006685479113951525, "batch_size": 721, "dropout": 0.3297221048625132, "l2_reg": 0.0033230218909739064, "anneal_cap": 0.20260243350722074}