{"SlimElastic": 0.05205997064614146, "ItemKNN": 0.008554682697088693, "RP3": 0.02490949167380156, "P3alpha": 0.008156379928900484, "EaseR": 0.00015393530383937232, "UserKNN": 0.0006123605225441365, "PureSVD": 5.646628426924379e-05, "PureSVDItem": 0.0001482305500186755, "ScaledPureSVD": 1.5955107888010553e-05, "NMF": 9.297119142929493e-05, "SlimBPR": 3.414162174294979e-05}