{"slim_elastic": 0.381469762646786, "item_knn": 0.0018067068449339114, "rp3": 0.03658572929915819, "p3alpha": 0.24272453604582955, "ials": 0.00028884684717903026, "ease_r": 0.0008028717210597177, "user_knn": 0.0028416805965364006, "svd_item": 0.0006022377374511953, "scaled_svd": 1.5634607563705837e-05, "nmf": 7.698415382066503e-05, "slim_bpr": 5.786504943053358e-05}