{"w1": 0.4127806527339338, "w2": 0.5312976588500976, "w3": 0.43787102822364, "w4": 0.9255063074260037}