{"objective": "rank:pairwise", "n_estimators": 3216, "learning_rate": 0.008124019584067025, "reg_alpha": 9.03207935785172e-05, "reg_lambda": 0.47255328869707214, "max_depth": 4, "max_leaves": 313, "grow_policy": "lossguide", "max_bin": 18, "gamma": 0.002050591534167754, "min_child_weight": 0.1517359818520682, "subsample": 0.5001514739600985, "colsample_bytree": 0.6728880942714852}