{"reg": 2.726696854081769e-05, "alpha": 1.8685882639208045, "num_factors": 173, "confidence_scaling": "log", "epsilon": 0.3590405222069731}