{"objective": "rank:map", "n_estimators": 923, "learning_rate": 0.016233584603675216, "reg_alpha": 0.00026966712997435194, "reg_lambda": 0.0010772980082167445, "max_depth": 17, "max_leaves": 9, "grow_policy": "lossguide", "gamma": 0.01884301564566057, "min_child_weight": 0.00014490780529314494, "subsample": 0.6083091004075291, "colsample_bytree": 0.8883474567274562}