{"objective": "rank:ndcg", "n_estimators": 3923, "learning_rate": 0.0014520452699319881, "reg_alpha": 0.029849630617474088, "reg_lambda": 6.454254792899381e-05, "max_depth": 4, "max_leaves": 504, "grow_policy": "depthwise", "max_bin": 215, "gamma": 0.0011089768757636931, "min_child_weight": 0.017277802661254036, "subsample": 0.14944759888664638, "colsample_bytree": 0.19220674697174203}