{"objective": "rank:pairwise", "n_estimators": 2473, "learning_rate": 0.00039319754505612596, "reg_alpha": 0.09008658765978975, "reg_lambda": 0.0046326196763141, "max_depth": 14, "max_leaves": 132, "grow_policy": "depthwise", "gamma": 0.0018112419232989767, "min_child_weight": 0.24030410758571355, "subsample": 0.5549137970210712, "colsample_bytree": 0.6602054790279629}