{"objective": "rank:ndcg", "n_estimators": 4891, "learning_rate": 0.02465403298733672, "reg_alpha": 0.00012829653567299134, "reg_lambda": 0.0008958019023902665, "max_depth": 6, "max_leaves": 253, "grow_policy": "depthwise", "gamma": 9.700995619866731, "min_child_weight": 8.706640884099548e-07, "subsample": 0.6622578993641252, "colsample_bytree": 0.5004485973551146}