{"objective": "cross_entropy_lambda", "n_estimators": 721, "learning_rate": 0.006537623924734671, "reg_alpha": 0.00227442628555843, "reg_lambda": 0.00429207245155583, "max_depth": 7, "num_leaves": 410, "min_split_gain": 0.006791510108238098, "min_child_weight": 0.0011887180518276416, "min_child_samples": 170, "subsample": 0.5549743807637126, "subsample_freq": 11, "colsample_bytree": 0.640587184373087}