{"loss_function": "QuerySoftMax", "iterations": 1157, "depth": 6, "subsample": 0.07618988099737473, "learning_rate": 0.031748975187779055, "rsm": 0.1911900926664759, "l2_leaf_reg": 0.00012165030698390625, "bagging_temperature": 45.033914041686046, "min_data_in_leaf": 11.905297309591841, "leaf_estimation_iterations": 4, "border_count": 130, "grow_policy": "Depthwise"}