{"objective": "rank:pairwise", "n_estimators": 2862, "learning_rate": 0.0013596011449604596, "reg_alpha": 0.0831475611514064, "reg_lambda": 0.001255984434801153, "max_depth": 18, "max_leaves": 93, "grow_policy": "depthwise", "gamma": 0.10402938231945248, "min_child_weight": 0.17099167875524177, "subsample": 0.7150376406699088, "colsample_bytree": 0.3896911382920335}