{"alpha": 0.38054940038500285, "beta": 0.19745498870389092, "topK": 218}