{"w1": 0.5494577516189204, "w2": 0.9191435338727603}