{"n_components": 83, "learning_rate": 2.3069080474839095e-05, "loss": "bpr", "sgd_mode": "adagrad", "item_alpha": 4.156214683546632e-05, "user_alpha": 4.5817300152753234e-07}