{"slim_elastic": 0.8564651498238967, "item_knn": 0.08539071681545368, "rp3": 0.5675395616895065, "p3alpha": 0.004072664486578509, "ials": 0.010613082320553018, "ease_r": 0.01149556092986027, "user_knn": 3.9997789070661117e-05, "svd_item": 0.005481923299777683, "scaled_svd": 2.1012505505179468e-06, "nmf": 0.00022982054624080928, "slim_bpr": 9.168361763123764e-05, "normalize": "lminusinf"}