{"objective": "rank:ndcg", "n_estimators": 897, "learning_rate": 0.008640737953701776, "reg_alpha": 1.3707643722456415e-05, "reg_lambda": 4.4992317240411084e-05, "max_depth": 5, "max_leaves": 194, "grow_policy": "lossguide", "gamma": 0.13851504865713823, "min_child_weight": 2.6957806909589075e-06, "subsample": 0.7019154810524507, "colsample_bytree": 0.3883512371837268}