{"objective": "rank:pairwise", "n_estimators": 45, "learning_rate": 0.013478271295637419, "reg_alpha": 0.0239550440840429, "reg_lambda": 2.631130155100178e-05, "max_depth": 10, "max_leaves": 80, "grow_policy": "lossguide", "gamma": 0.000907999312520856, "min_child_weight": 0.011453123352130343, "subsample": 0.2881226248966004, "colsample_bytree": 0.7261697305436069}