{"num_layers": 3, "embedding_size": 7, "learning_rate": 0.000293087287804168, "optimizer": "rmsprop", "l2_reg": 0.0007093934673528809, "batch_size": 128, "epochs": 23}