{"objective": "cross_entropy_lambda", "n_estimators": 1310, "learning_rate": 0.010045490364781928, "reg_alpha": 3.0373132165235884e-05, "reg_lambda": 0.6761295922401933, "max_depth": 6, "num_leaves": 611, "min_split_gain": 1.8884020745485767e-07, "min_child_weight": 0.012919657235231936, "min_child_samples": 108, "subsample": 0.6353760276819571, "subsample_freq": 2, "colsample_bytree": 0.6940617664491603}