{"objective": "rank:ndcg", "n_estimators": 1257, "learning_rate": 0.008408209849245542, "reg_alpha": 0.3232463621118024, "reg_lambda": 2.5220844097506568e-05, "max_depth": 4, "max_leaves": 303, "grow_policy": "lossguide", "gamma": 0.12374483671904118, "min_child_weight": 3.130739043380025e-05, "subsample": 0.6489199514449235, "colsample_bytree": 0.5116433838388343}