{"objective": "rank:pairwise", "n_estimators": 1108, "learning_rate": 0.01734217028629729, "reg_alpha": 1.631658066154883e-05, "reg_lambda": 0.00017100155752715587, "max_depth": 4, "max_leaves": 516, "grow_policy": "lossguide", "gamma": 1.8725498536172116, "min_child_weight": 0.5643360635014185, "subsample": 0.37473448313002644, "colsample_bytree": 0.8862945927979375}