{"ItemKNN": 0.028841597000688737, "UserKNN": 0.03703639472045412, "P3Alpha": 0.0014772859981086288, "RP3Beta": 0.06702662179683537, "NMF": 1.2977455826754896e-05, "ScaledSVD": 0.0077254436142394, "ItemPureSVD": 0.00043173088882679175, "SlimElastic": 0.31127695463562394, "SlimBPR": 0.00037740664271129445, "EaseR": 0.017417069708451693, "IALS": 0.00041505007679202964, "MultVAE": 0.005759330449300123, "HHP": 0.029746055128138424, "TWRA": 0.23397190925685668, "normalize": "l1"}