{"loss_function": "YetiRank", "iterations": 2189, "depth": 4, "subsample": 0.07232831070121853, "learning_rate": 0.0155655004056555, "rsm": 0.41130435359652634, "l2_leaf_reg": 0.003537530345586352, "bagging_temperature": 5.696118016578517, "min_data_in_leaf": 884.769999603646, "leaf_estimation_iterations": 7, "border_count": 43}