{"item_knn": 0.2059887267950829, "rp3": 0.2867465532897032, "p3alpha": 0.036292088482407725, "ials": 0.001856077499411359, "ease_r": 0.0029963741534604427, "user_knn": 0.014019161153541109, "nmf": 8.044015367487852e-05, "slim_bpr": 0.0003251176397108121, "normalize": "linf"}