{"SlimElastic": 0.8576169097181308, "ItemKNN": 0.20490851624350717, "RP3": 0.19973896053728107, "P3alpha": 0.016350204338785864, "EaseR": 0.021866783277829874, "UserKNN": 0.01241100523568649, "PureSVD": 0.006035166954563155, "PureSVDItem": 3.3957417888435336e-05, "ScaledPureSVD": 3.701249899216112e-05, "NMF": 0.0015270224702448223, "SlimBPR": 6.751734660870318e-06, "normalize": "l2"}