{"n_estimators": 4322, "learning_rate": 0.0030283160539747145, "reg_alpha": 0.0008611306940156906, "reg_lambda": 0.011735377481967771, "max_depth": 5, "max_leaves": 17, "grow_policy": "depthwise", "gamma": 3.185151652055544, "min_child_weight": 0.667829205193484, "subsample": 0.3782787811594203, "colsample_bytree": 0.824980067451184}