{"objective": "rank:ndcg", "n_estimators": 1944, "learning_rate": 0.008603418302205913, "reg_alpha": 0.030846435652442928, "reg_lambda": 0.002340499360863074, "max_depth": 3, "max_leaves": 626, "grow_policy": "lossguide", "max_bin": 293, "gamma": 0.007189873528695483, "min_child_weight": 0.011038353997980154, "subsample": 0.17807832177404107, "colsample_bytree": 0.830099343951322}