{"reg": 6.565841594845129e-06, "alpha": 5.027430545499321, "num_factors": 184}