{"loss_function": "QuerySoftMax", "iterations": 1065, "depth": 12, "subsample": 0.23974022846230214, "learning_rate": 0.033300969028049576, "rsm": 0.4920965463007127, "l2_leaf_reg": 0.022591927201195246, "bagging_temperature": 23.029364564002318, "min_data_in_leaf": 28.587420220084248, "leaf_estimation_iterations": 1, "border_count": 145}