{"ials": 0.4121807619570139, "ease_r": 0.674897242145081, "user_knn": 0.00013474374079180154, "svd_item": 0.007161836174771979, "scaled_svd": 1.335367305945358e-05, "nmf": 0.02285417649023426, "slim_bpr": 0.00017366449771241842}