{"learning_rate": 0.008154447523181958, "batch_size": 632, "dropout": 0.31625308897516097, "l2_reg": 0.012397602654503747, "anneal_cap": 0.32363033165974997}