{"n_components": 59, "learning_rate": 0.22302250284620875, "loss": "bpr", "sgd_mode": "adadelta", "item_alpha": 3.1170728584486425e-05, "user_alpha": 5.989689137623199e-07}