{"objective": "rank_xendcg", "n_estimators": 1926, "learning_rate": 0.005004933383620954, "reg_alpha": 0.42185016394445085, "reg_lambda": 0.10540207933047176, "max_depth": 7, "num_leaves": 31, "min_split_gain": 6.710056228485272e-05, "min_child_weight": 0.006201517065632864, "min_child_samples": 100, "subsample": 0.6318644181186236, "subsample_freq": 20, "colsample_bytree": 0.5477104193692428}