{"objective": "rank:pairwise", "n_estimators": 3760, "learning_rate": 0.020248427040075484, "reg_alpha": 6.298407670603144e-05, "reg_lambda": 0.21855977175708569, "max_depth": 3, "max_leaves": 503, "grow_policy": "depthwise", "max_bin": 34, "gamma": 0.0003083171916550046, "min_child_weight": 0.39856993021903486, "subsample": 0.3386873007321994, "colsample_bytree": 0.7651861541669405}