{"objective": "rank:pairwise", "n_estimators": 665, "learning_rate": 0.031013711096144352, "reg_alpha": 0.0008567805511306675, "reg_lambda": 0.000542306987036665, "max_depth": 4, "max_leaves": 433, "grow_policy": "lossguide", "gamma": 0.220222671316212, "min_child_weight": 4.156021837591341e-05, "subsample": 0.43768090019196787, "colsample_bytree": 0.5667013224195017}