{"objective": "rank:ndcg", "n_estimators": 1926, "learning_rate": 0.004084033361640664, "reg_alpha": 8.553216551807277e-05, "reg_lambda": 0.00040090963088456954, "max_depth": 4, "max_leaves": 262, "grow_policy": "depthwise", "gamma": 5.779302997510309, "min_child_weight": 0.5130117866021231, "subsample": 0.27208623498048573, "colsample_bytree": 0.8626607611096102}