{"slim_elastic": 0.6495610569568779, "item_knn": 0.03631890574600562, "rp3": 0.052381433513657115, "p3alpha": 0.23204987877531547, "ials": 0.00442552592835141, "ease_r": 0.0010347318475557353, "user_knn": 0.0023339224190659217, "svd_item": 7.253288259072578e-05, "scaled_svd": 9.387927174114311e-05, "nmf": 1.1679467530752453e-05, "slim_bpr": 2.6509291392097466e-05}