{"topK": 16, "epochs": 280, "learning_rate": 0.006462928835091506, "lambda_i": 0.022388174039242464, "lambda_j": 0.000853080932663727}