{"l1_ratio": 0.0027659129682702562, "alpha": 0.002817357552746684, "topK": 81, "positive_only": true}