{"learning_rate": 0.004671407824033104, "batch_size": 178, "dropout": 0.5389489188702012, "l2_reg": 0.0029051528583965676, "anneal_cap": 0.6184246246084811, "total_anneal_steps": 6040814, "layer1": 69, "use_layer_2": "False"}