{"objective": "lambdarank", "n_estimators": 796, "learning_rate": 0.00018270369539558943, "reg_alpha": 2.518431276561293e-05, "reg_lambda": 0.003486018999199874, "max_depth": 15, "num_leaves": 510, "min_split_gain": 4.797127375425112e-06, "min_child_weight": 0.02524819534352372, "min_child_samples": 37, "subsample": 0.8368752485377281, "subsample_freq": 18, "colsample_bytree": 0.2179835350475061}