{"regularization": 10.366215607270846, "alpha": 0.5948823853583156, "factors": 894, "iterations": 235}