{"topK": 18, "epochs": 244, "learning_rate": 0.003965312133690193, "lambda_i": 0.3677223264254124, "lambda_j": 0.0009954433705686295}