{"objective": "rank:ndcg", "n_estimators": 3640, "learning_rate": 0.0019845307999643356, "reg_alpha": 0.00045647989009881825, "reg_lambda": 0.0002630251997748325, "max_depth": 4, "max_leaves": 895, "grow_policy": "lossguide", "max_bin": 303, "gamma": 0.0002107738076684469, "min_child_weight": 0.189521363251545, "subsample": 0.3287657915731394, "colsample_bytree": 0.7944223877144887}