{"num_factors": 177, "scaling_items": 0.012617702531093247, "scaling_users": 0.3028728175676322}