{"loss_function": "YetiRank", "iterations": 391, "depth": 5, "subsample": 0.25979136209799913, "learning_rate": 0.02641877749074028, "rsm": 0.33826564139298276, "l2_leaf_reg": 0.34500524810443595, "bagging_temperature": 27.13925529374383, "min_data_in_leaf": 13135.86865856417, "leaf_estimation_iterations": 8}