{"objective": "rank:ndcg", "n_estimators": 1469, "learning_rate": 0.006276955896311297, "reg_alpha": 0.8757046836399874, "reg_lambda": 0.00026196754659782407, "max_depth": 3, "max_leaves": 936, "grow_policy": "depthwise", "gamma": 3.3403377966626164e-06, "min_child_weight": 0.9724279155290193, "subsample": 0.3288287035872993, "colsample_bytree": 0.6000827945166386}