{"objective": "rank:ndcg", "n_estimators": 3945, "learning_rate": 0.004761645953562914, "reg_alpha": 0.0002613213490777443, "reg_lambda": 0.00031228961580903494, "max_depth": 3, "max_leaves": 855, "grow_policy": "lossguide", "max_bin": 42, "gamma": 0.0005940033529297021, "min_child_weight": 0.13271562911216495, "subsample": 0.2692930262170329, "colsample_bytree": 0.8013534820753117}