{"objective": "lambdarank", "n_estimators": 641, "learning_rate": 0.0003603599091653386, "reg_alpha": 3.191701313892889e-05, "reg_lambda": 0.005375389076265903, "max_depth": 15, "num_leaves": 355, "min_split_gain": 2.756367369121342e-05, "min_child_weight": 0.14488448154230976, "min_child_samples": 154, "subsample": 0.8010137501786742, "subsample_freq": 13, "colsample_bytree": 0.22015421472055405}