{"slim_elastic": 0.781237039707711, "item_knn": 0.034069197683945486, "rp3": 0.036876076567740015, "p3alpha": 0.4828549014067903, "ials": 0.005962153700988408, "ease_r": 0.0049438034490025635, "user_knn": 0.006035100932659037, "svd_item": 0.0004310311961633854, "scaled_svd": 0.00012719243110155445, "nmf": 0.003321344691440341, "slim_bpr": 0.0001851746449226467}