{"regularization": 70.87734565156735, "alpha": 18.131400437642743, "factors": 925, "iterations": 168}