{"objective": "rank:pairwise", "n_estimators": 1683, "learning_rate": 0.023166440645877286, "reg_alpha": 0.03735984681990424, "reg_lambda": 0.0025881163753732586, "max_depth": 4, "max_leaves": 752, "grow_policy": "depthwise", "gamma": 0.9136097746852936, "min_child_weight": 3.6243062048384447e-06, "subsample": 0.4425670977403157, "colsample_bytree": 0.8489511323270126}