{"reg": 0.0003396279998682312, "alpha": 0.6815544806644505, "num_factors": 55}