{"objective": "lambdarank", "n_estimators": 1860, "learning_rate": 0.007489860308569975, "reg_alpha": 0.00708644878272684, "reg_lambda": 1.8428927593105433, "max_depth": 3, "num_leaves": 568, "min_split_gain": 0.0032764259878598732, "min_child_weight": 0.0008804124064972056, "min_child_samples": 197, "subsample": 0.8933609525119336, "subsample_freq": 18, "colsample_bytree": 0.7687244761195287, "colsample_bynode": 0.4847784503550583, "max_bin": 23, "extra_trees": true}