{"alpha": 0.25720011864882797, "beta": 0.16040931258686913, "topK": 33}