{"objective": "rank:ndcg", "n_estimators": 613, "learning_rate": 0.0009986491759571706, "reg_alpha": 0.022792538026954266, "reg_lambda": 0.9627052122399495, "max_depth": 13, "max_leaves": 212, "grow_policy": "lossguide", "booster": "gbtree", "gamma": 1.328767277060348, "min_child_weight": 0.11418525655575372, "subsample": 0.3420138221365917, "colsample_bytree": 0.8100329495840412}