{"w1": 0.3296464300216347, "w2": 0.4977560086457542, "w3": 0.5898227956487678}