{"objective": "rank:pairwise", "n_estimators": 325, "learning_rate": 0.0007809560474905781, "reg_alpha": 0.00022162062062389728, "reg_lambda": 0.25515267667037966, "max_depth": 12, "max_leaves": 304, "grow_policy": "lossguide", "gamma": 4.792385609922482e-07, "min_child_weight": 0.04128618113851946, "subsample": 0.8182921525714062, "colsample_bytree": 0.319305088349614}