{"objective": "rank:pairwise", "n_estimators": 563, "learning_rate": 0.0338033306222219, "reg_alpha": 9.349070910658025e-05, "reg_lambda": 0.004531140598308625, "max_depth": 4, "max_leaves": 784, "grow_policy": "lossguide", "gamma": 0.03948627565404351, "min_child_weight": 0.00873278004287112, "subsample": 0.5340638526958983, "colsample_bytree": 0.5208886642152024}