{"topK": 13, "epochs": 220, "learning_rate": 0.0034214668706135775, "lambda_i": 0.4154291144118924, "lambda_j": 0.05903879462907014}