{"objective": "rank:ndcg", "n_estimators": 4542, "learning_rate": 0.00335095268199731, "reg_alpha": 0.0007393526602348365, "reg_lambda": 0.00016488485396669357, "max_depth": 3, "max_leaves": 329, "grow_policy": "lossguide", "max_bin": 477, "gamma": 0.0034821782674180376, "min_child_weight": 0.7681545171599341, "subsample": 0.4166829471572729, "colsample_bytree": 0.6148957926977447}