{"objective": "rank:pairwise", "n_estimators": 2958, "learning_rate": 0.00017629313952888186, "reg_alpha": 0.00569453163779617, "reg_lambda": 0.0033914728705884043, "max_depth": 10, "max_leaves": 51, "grow_policy": "depthwise", "gamma": 6.352270026354167, "min_child_weight": 0.023384361211420457, "subsample": 0.4133517625355888, "colsample_bytree": 0.3033719319297116}