{"objective": "cross_entropy", "n_estimators": 3142, "learning_rate": 0.004229814114901079, "reg_alpha": 0.0003073648833384441, "reg_lambda": 0.0002962206823179709, "max_depth": 4, "num_leaves": 161, "min_split_gain": 1.0693819462984876e-05, "min_child_weight": 0.07755673363843986, "min_child_samples": 198, "subsample": 0.4324043519660178, "subsample_freq": 17, "colsample_bytree": 0.39780028991546545}