{"l1_ratio": 0.015217852996714867, "alpha": 0.002628593949338806, "topK": 222, "positive_only": true}