{"learning_rate": 0.0028775722056139, "batch_size": 671, "dropout": 0.6040740377141275, "l2_reg": 0.0010500044234887887, "anneal_cap": 0.4293334563808851}