{"reg": 0.0007716961783343754, "alpha": 1.6509111407607924, "num_factors": 222, "confidence_scaling": "log", "epsilon": 0.22070568273643887}