{"reg": 3.597906556899086e-07, "alpha": 6.348070933753453, "num_factors": 124}