{"loss_function": "YetiRank", "iterations": 635, "depth": 8, "subsample": 0.15752400548191925, "learning_rate": 0.018245969550617937, "rsm": 0.28812948049404197, "l2_leaf_reg": 0.06475618500441653, "bagging_temperature": 14.683828177833707, "min_data_in_leaf": 52.35844761641467, "leaf_estimation_iterations": 1, "border_count": 18}