{"SlimElastic": 0.05465889303767951, "ItemKNN": 0.01029997698179699, "RP3": 0.02320907420605149, "P3alpha": 0.0065173451166007, "EaseR": 0.0001206964735415067, "UserKNN": 0.0007920602278022647, "PureSVD": 0.00014036732452751157, "PureSVDItem": 0.00024938273895364207, "ScaledPureSVD": 1.674460923290084e-05, "NMF": 8.212397444327405e-05, "SlimBPR": 2.9155818598172566e-05}