{"objective": "rank:ndcg", "n_estimators": 2799, "learning_rate": 0.003066009210102998, "reg_alpha": 0.0484064298198315, "reg_lambda": 0.00012891264288987365, "max_depth": 4, "max_leaves": 500, "grow_policy": "depthwise", "max_bin": 162, "gamma": 9.692802993845154e-05, "min_child_weight": 0.0007859751414803791, "subsample": 0.24123295845554873, "colsample_bytree": 0.17083826504015348}