{"objective": "rank:ndcg", "n_estimators": 621, "learning_rate": 0.016033676326836537, "reg_alpha": 0.016820961235310183, "reg_lambda": 0.11661853225306432, "max_depth": 5, "max_leaves": 32, "grow_policy": "lossguide", "gamma": 0.00019318846212852727, "min_child_weight": 1.1874164203720316e-07, "subsample": 0.44601407326931164, "colsample_bytree": 0.11324643417748487}