{"objective": "lambdarank", "n_estimators": 3346, "learning_rate": 0.0002389172697480171, "reg_alpha": 1.6776036595445126e-05, "reg_lambda": 0.12358150277564425, "max_depth": 8, "num_leaves": 113, "min_split_gain": 0.03861820552935468, "min_child_weight": 4.359144298716201e-05, "min_child_samples": 183, "subsample": 0.3005398686871494, "subsample_freq": 16, "colsample_bytree": 0.3815901510766663}