{"ItemKNN": 0.03237758905728239, "UserKNN": 0.002583635998858415, "P3Alpha": 0.004578538250186293, "RP3Beta": 0.011252641487148015, "NMF": 0.00017735036579384622, "ScaledSVD": 0.00756187445047663, "ItemPureSVD": 0.0005886359910425707, "SlimElastic": 0.24624332942028668, "SlimBPR": 0.0016172330920232957, "EaseR": 0.02111277813686169, "IALS": 0.0015657571899354546, "MultVAE": 0.011080483460596185, "HHP": 0.08241534163724577, "TWRA": 0.19036648362008904, "normalize": "l1"}