{"learning_rate": 0.0036586970818526738, "batch_size": 647, "dropout": 0.6240238170559499, "l2_reg": 0.0034308728912391556, "anneal_cap": 0.44585674082216614, "total_anneal_steps": 836788}