{"regularization": 6.0663822352030214e-05, "alpha": 2.3264287054036097, "factors": 73, "iterations": 54}