{"objective": "rank:pairwise", "n_estimators": 83, "learning_rate": 0.0032448105325698817, "reg_alpha": 0.0035845397843448016, "reg_lambda": 0.06861680213970778, "max_depth": 12, "max_leaves": 295, "grow_policy": "lossguide", "gamma": 0.0001871255785269243, "min_child_weight": 0.8825809110711035, "subsample": 0.8537555792014456, "colsample_bytree": 0.4833793635258089}