{"objective": "rank:pairwise", "n_estimators": 3147, "learning_rate": 0.03125691638104782, "reg_alpha": 0.9741245582637852, "reg_lambda": 0.053760544109933917, "max_depth": 3, "max_leaves": 632, "grow_policy": "lossguide", "gamma": 4.6937937832573605e-07, "min_child_weight": 0.0006905162121182007, "subsample": 0.34322173827096997, "colsample_bytree": 0.5858117411558181}