{"objective": "lambdarank", "n_estimators": 3509, "learning_rate": 0.0009455741539336162, "reg_alpha": 4.082346475149001e-05, "reg_lambda": 0.6295450566687634, "max_depth": 4, "num_leaves": 882, "min_split_gain": 0.6986878558222808, "min_child_weight": 8.785017465735509e-06, "min_child_samples": 35, "subsample": 0.3642215521974111, "subsample_freq": 20, "colsample_bytree": 0.3411742598996392}