{"n_estimators": 3468, "learning_rate": 0.006058680516318074, "reg_alpha": 1.752793093480733e-05, "reg_lambda": 0.22545088358684334, "max_depth": 7, "max_leaves": 25, "grow_policy": "depthwise", "booster": "gbtree", "gamma": 1.5796616893352777, "min_child_weight": 7.737299188155783e-06, "subsample": 0.3806109688961548, "colsample_bytree": 0.7439682079342127}