{"regularization": 9.765153357795164, "alpha": 0.18906371296410768, "factors": 819, "iterations": 232}