{"objective": "cross_entropy_lambda", "n_estimators": 4957, "learning_rate": 0.004777685617895847, "reg_alpha": 0.3950411503693135, "reg_lambda": 0.012556893217491193, "max_depth": 3, "num_leaves": 743, "min_split_gain": 1.1783663010374789e-05, "min_child_weight": 0.04021829583486371, "min_child_samples": 61, "subsample": 0.6657736596339263, "subsample_freq": 7, "colsample_bytree": 0.8432015535807582}