{"penalty": "elasticnet", "C": 5136.738133047992, "max_iter": 1962, "l1_ratio": 0.5454716954583086, "use_class_weights": true}