{"objective": "rank:pairwise", "n_estimators": 4501, "learning_rate": 0.01663785089601995, "reg_alpha": 0.0037205321288846164, "reg_lambda": 0.09250459428466426, "max_depth": 3, "max_leaves": 257, "grow_policy": "lossguide", "gamma": 1.1690615094953965e-06, "min_child_weight": 0.01357620987165919, "subsample": 0.2142659047818427, "colsample_bytree": 0.5163430583367221}