{"SlimElastic": 0.7030410917925037, "ItemKNN": 0.14418783497150656, "RP3": 0.16045150245715412, "P3alpha": 0.02079294458867632, "EaseR": 0.02876081772920291, "UserKNN": 0.005795699832970975, "PureSVD": 0.003445251592527658, "PureSVDItem": 6.0926156180209626e-05, "ScaledPureSVD": 2.3220740825429865e-05, "NMF": 0.0013427069325770609, "SlimBPR": 4.357612190590355e-06, "normalize": "l2"}