{"n_estimators": 449, "learning_rate": 0.0016796000728805471, "reg_alpha": 2.1428330447019837e-05, "reg_lambda": 0.00010231919237276635, "max_depth": 4, "max_leaves": 394, "grow_policy": "lossguide", "booster": "gbtree", "gamma": 0.00013389778752516412, "min_child_weight": 4.695264857099407e-06, "subsample ": 0.7247939943587846, "colsample_bytree": 0.5378338706458268}