{"iterations": 3998, "depth": 10, "subsample": 0.2507356540855731, "learning_rate": 0.006736571587732084, "rsm": 0.057039973505938264, "l2_leaf_reg": 0.025340180080384144, "bagging_temperature": 17.95951050449801, "min_data_in_leaf": 9483.565852414522, "leaf_estimation_iterations": 4, "grow_policy": "Lossguide", "border_count": 195}