{"objective": "rank:ndcg", "n_estimators": 3501, "learning_rate": 0.0017443302758434797, "reg_alpha": 0.005891747348220311, "reg_lambda": 1.7716340233465168e-05, "max_depth": 4, "max_leaves": 214, "grow_policy": "depthwise", "max_bin": 187, "gamma": 0.0056287723813696735, "min_child_weight": 0.005062691193344241, "subsample": 0.14145973444202944, "colsample_bytree": 0.2418271527665067}