{"iterations": 3263, "depth": 4, "subsample": 0.14955180340855778, "learning_rate": 0.011738284189080258, "rsm": 0.050681507202045305, "l2_leaf_reg": 0.017620598593326237, "bagging_temperature": 45.34164388960753, "min_data_in_leaf": 4678.80847406047, "leaf_estimation_iterations": 4, "grow_policy": "Lossguide", "border_count": 41}