{"objective": "rank_xendcg", "n_estimators": 3673, "learning_rate": 0.003780896063529825, "reg_alpha": 0.6129934345590734, "reg_lambda": 0.1761432057389234, "max_depth": 5, "num_leaves": 865, "min_split_gain": 9.963663520296394e-07, "min_child_weight": 2.1166015078665103e-07, "min_child_samples": 135, "subsample": 0.5723524746048427, "subsample_freq": 11, "colsample_bytree": 0.42567408876394486}