{"topK": 19, "epochs": 279, "learning_rate": 0.0048167285166583656, "lambda_i": 0.025875255059253005, "lambda_j": 8.243938853605586e-06}